[
  {
    "id": 1,
    "name": "Chicken Biriyani",
    "price": 180,
    "rating": 4,
    "ratingCount": 120,
    "description": "A fragrant, spiced rice dish made with tender chicken pieces, infused with aromatic spices.",
    "cooking_time": "45 minutes",
    "image_url": "https://media-assets.swiggy.com/swiggy/image/upload/fl_lossy,f_auto,q_auto,h_600/FOOD_CATALOG/IMAGES/CMS/2024/11/21/53cdb235-e50e-41b4-8d55-de276c3deb7c_90a1c3bb-989a-4db2-9440-80d403adb3d1.jpg",
    "type": "Main Course"
  },
  {
    "id": 2,
    "name": "Mutton Biriyani",
    "price": 250,
    "rating": 4.2,
    "ratingCount": 160,
    "description": "A rich, flavorful biriyani made with tender mutton cooked with spices and rice.",
    "cooking_time": "60 minutes",
    "image_url": "https://media-assets.swiggy.com/swiggy/image/upload/fl_lossy,f_auto,q_auto,h_600/coomcnv963fzcdrql2i4",
    "type": "Main Course"
  },
  {
    "id": 3,
    "name": "Chicken Soup",
    "price": 6.49,
    "rating": 4.5,
    "ratingCount": 120,
    "description": "A hearty chicken soup with shredded chicken and warming spices.",
    "image_url": "https://media-assets.swiggy.com/swiggy/image/upload/fl_lossy,f_auto,q_auto,h_600/c6b59a882523d992089951c308273fd8",
    "type": "Soup"
  },
  {
    "id": 4,
    "name": "Lentil Soup",
    "price": 5.99,
    "rating": 4.6,
    "ratingCount": 110,
    "description": "A creamy and flavorful lentil soup with a hint of garlic.",
    "image_url": "https://media-assets.swiggy.com/swiggy/image/upload/fl_lossy,f_auto,q_auto,h_600/3b88f2c589808f2309d784638302c521",
    "type": "Soup"
  },
  {
    "id": 5,
    "name": "Chicken Tikka",
    "price": 8.99,
    "rating": 4.7,
    "ratingCount": 200,
    "description": "Juicy chicken pieces marinated in spices and grilled to perfection.",
    "image_url": "https://media-assets.swiggy.com/swiggy/image/upload/fl_lossy,f_auto,q_auto,h_600/3fc942c9af48a22364b35b6b484b1348",
    "type": "Starter"
  },
  {
    "id": 6,
    "name": "Crispy Prawns",
    "price": 9.99,
    "rating": 4.8,
    "ratingCount": 180,
    "description": "Golden fried prawns served with a tangy dipping sauce.",
    "image_url": "https://media-assets.swiggy.com/swiggy/image/upload/fl_lossy,f_auto,q_auto,h_600/c0cb8a7826fc76206047649527024d25",
    "type": "Starter"
  },
  {
    "id": 7,
    "name": "Kulfi Delight",
    "price": 4.99,
    "rating": 4.9,
    "ratingCount": 220,
    "description": "Creamy and rich kulfi with a hint of cardamom and pistachios.",
    "image_url": "https://media-assets.swiggy.com/swiggy/image/upload/fl_lossy,f_auto,q_auto,h_600/kli6oxjpv93vhgxlosie",
    "type": "Dessert"
  },
  {
    "id": 8,
    "name": "Gulab Jamun",
    "price": 3.99,
    "rating": 4.8,
    "ratingCount": 210,
    "description": "Soft and syrupy gulab jamuns served warm.",
    "image_url": "https://media-assets.swiggy.com/swiggy/image/upload/fl_lossy,f_auto,q_auto,h_600/2c2c0e4d03dde1b74c926d3b0ca9e2bf",
    "type": "Dessert"
  },
  {
    "id": 9,
    "name": "Idli",
    "category": "Breakfast",
    "price": 50,
    "rating": 4.5,
    "ratingCount": 50,
    "description": "Soft and fluffy steamed rice cakes served with chutneys and sambar.",
    "image_url": "https://media-assets.swiggy.com/swiggy/image/upload/fl_lossy,f_auto,q_auto,h_600/FOOD_CATALOG/IMAGES/CMS/2024/7/3/73bd3564-b646-498c-9545-a5cc5a406056_f3dfbada-62aa-4c82-9dcf-8cd212d223bc.jpg",
    "type": "Starter"
  },
  {
    "id": 10,
    "name": "Medu Vada",
    "price": 3.99,
    "rating": 4.8,
    "ratingCount": 200,
    "description": "Crispy and fluffy lentil fritters served with coconut chutney.",
    "image_url": "https://media-assets.swiggy.com/swiggy/image/upload/fl_lossy,f_auto,q_auto,h_600/FOOD_CATALOG/IMAGES/CMS/2024/12/14/da879b6d-dbdc-4cfc-bcfa-0a8f056f178e_03519393-6c42-46a7-9005-68a899ea1db2.JPG",
    "type": "Starter"
  },
  {
    "id": 11,
    "name": "Ghee Roast Dosa",
    "category": "Breakfast",
    "price": 100,
    "rating": 4.7,
    "ratingCount": 100,
    "description": "A crispy and golden dosa roasted with pure ghee, served with chutney and sambar.",
    "image_url": "https://media-assets.swiggy.com/swiggy/image/upload/fl_lossy,f_auto,q_auto,h_600/ojjw85cawtl5mqn4qfm6",
    "type": "Main Course"
  },
  {
    "id": 12,
    "name": "Vegetable Biryani",
    "category": "Lunch",
    "price": 150,
    "rating": 4.6,
    "ratingCount": 85,
    "description": "Aromatic rice cooked with fresh vegetables and Indian spices.",
    "image_url": "https://media-assets.swiggy.com/swiggy/image/upload/fl_lossy,f_auto,q_auto,h_600/zajzlb10h1bnvrcz7wg0",
    "type": "Main Course"
  },
  {
    "id": 13,
    "name": "South Indian Thali",
    "category": "Lunch",
    "price": 200,
    "rating": 4.8,
    "ratingCount": 151,
    "description": "A complete meal with rice, sambar, rasam, poriyal, kootu, papad, and dessert.",
    "image_url": "https://media-assets.swiggy.com/swiggy/image/upload/fl_lossy,f_auto,q_auto,h_600/FOOD_CATALOG/IMAGES/CMS/2024/4/1/5b134eae-3e4b-49e8-afa7-6e21c8eb6221_f946e807-9ad8-4ba3-bc6d-e00ff48f8ea6.jpg_compressed",
    "type": "Main Course"
  },
  {
    "id": 14,
    "name": "Paneer Butter Masala",
    "category": "Dinner",
    "price": 180,
    "rating": 4.5,
    "ratingCount": 50,
    "description": "Creamy curry made with soft paneer cubes in a buttery tomato-based sauce.",
    "image_url": "https://media-assets.swiggy.com/swiggy/image/upload/fl_lossy,f_auto,q_auto,h_600/FOOD_CATALOG/IMAGES/CMS/2024/3/12/b14d997a-1312-4218-aab0-b8809f2017d4_01b7d650-8a7f-490d-95fa-f1c92d69c853.jpg",
    "type": "Main Course"
  },
  {
    "id": 15,
    "name": "Tomato Rasam",
    "price": 4.99,
    "rating": 4.7,
    "ratingCount": 150,
    "description": "A tangy and spicy South Indian soup made with tomatoes and tamarind.",
    "image_url": "https://media-assets.swiggy.com/swiggy/image/upload/fl_lossy,f_auto,q_auto,h_600/FOOD_CATALOG/IMAGES/CMS/2024/7/3/a62f572b-af5c-44f2-8c31-41f84b9ef55a_d764a42e-57bf-4087-9d1c-822ff1cc599f.jpg",
    "type": "Soup"
  },
  {
    "id": 16,
    "name": "Mulligatawny Soup",
    "price": 5.99,
    "rating": 4.6,
    "ratingCount": 120,
    "description": "A flavorful lentil soup infused with spices and coconut milk.",
    "image_url": "https://media-assets.swiggy.com/swiggy/image/upload/fl_lossy,f_auto,q_auto,h_600/13917cc89090c6fa7f38f6c4f97c98e4",
    "type": "Soup"
  },
  {
    "id": 17,
    "name": "Payasam",
    "price": 3.99,
    "rating": 4.9,
    "ratingCount": 220,
    "description": "A creamy dessert made with milk, rice, and jaggery.",
    "image_url": "https://media-assets.swiggy.com/swiggy/image/upload/fl_lossy,f_auto,q_auto,h_600/FOOD_CATALOG/IMAGES/CMS/2024/10/28/a8481f96-a749-47cf-98f7-1cebd16ac7bd_e063a319-1a9e-4375-98b2-7c2bc51f9c25.jpg",
    "type": "Dessert"
  },
  {
    "id": 18,
    "name": "Mysore Pak",
    "price": 2.99,
    "rating": 4.8,
    "ratingCount": 210,
    "description": "A rich South Indian sweet made with gram flour, ghee, and sugar.",
    "image_url": "https://media-assets.swiggy.com/swiggy/image/upload/fl_lossy,f_auto,q_auto,h_600/jfogs2onke6dqpiijohf",
    "type": "Dessert"
  },
  {
    "id": 19,
    "name": "Garlic Bread",
    "category": "Breakfast",
    "price": 120,
    "rating": 4.6,
    "ratingCount": 20,
    "description": "A platter of mini idli, mini dosa, upma, vada, and kesari served with chutneys and sambar.",
    "image_url": "https://media-assets.swiggy.com/swiggy/image/upload/fl_lossy,f_auto,q_auto,h_600/b4e0f7860b57d39e41184f6dde08e512",
    "type": "Starter"
  },
  {
    "id": 20,
    "name": "Stuffed Mushrooms",
    "price": 6.99,
    "rating": 4.7,
    "ratingCount": 110,
    "description": "Mushrooms filled with a cheesy herb stuffing.",
    "image_url": "https://media-assets.swiggy.com/swiggy/image/upload/fl_lossy,f_auto,q_auto,h_600/547802a457a420130e46ba569ef1efdb",
    "type": "Starter"
  },
  {
    "id": 21,
    "name": "Chappathi with Kurma",
    "category": "Dinner",
    "price": 120,
    "rating": 4.3,
    "ratingCount": 121,
    "description": "Soft whole wheat chappathis served with flavorful vegetable kurma.",
    "image_url": "https://media-assets.swiggy.com/swiggy/image/upload/fl_lossy,f_auto,q_auto,h_600/dfe7deb6e5020a33687b1c43a7076668",
    "type": "Main Course"
  },
  {
    "id": 22,
    "name": "Rava Kesari",
    "category": "Desserts",
    "price": 60,
    "rating": 4.7,
    "description": "A sweet semolina dessert made with ghee, sugar, and cardamom.",
    "image_url": "https://media-assets.swiggy.com/swiggy/image/upload/fl_lossy,f_auto,q_auto,h_600/57b31da8288603ef4acfb41c8c01f478",
    "type": "Dessert"
  },
  {
    "id": 23,
    "name": "Spring Rolls",
    "price": 5.49,
    "rating": 4.4,
    "ratingCount": 130,
    "description": "Crispy rolls filled with vegetables and served with a tangy dip.",
    "image_url": "https://media-assets.swiggy.com/swiggy/image/upload/fl_lossy,f_auto,q_auto,h_600/FOOD_CATALOG/IMAGES/CMS/2024/7/4/94b56f40-e857-4c64-886c-44decabf1d46_7bb2cef4-c490-4670-8a20-f0e92c458d9e.jpg_compressed",
    "type": "Starter"
  },
  {
    "id": 24,
    "name": "Creamy Tomato Soup",
    "price": 4.99,
    "rating": 4.5,
    "ratingCount": 150,
    "description": "A creamy and flavorful tomato soup with a hint of basil.",
    "image_url": "https://media-assets.swiggy.com/swiggy/image/upload/fl_lossy,f_auto,q_auto,h_600/FOOD_CATALOG/IMAGES/CMS/2024/10/15/b56b1675-3058-46dd-8937-10a6b990b648_ee869dae-b9e4-49f7-a759-efb4d18ac984.jpg",
    "type": "Soup"
  },
  {
    "id": 25,
    "name": "Chicken Corn Soup",
    "price": 5.49,
    "rating": 4.6,
    "ratingCount": 140,
    "description": "Warm chicken soup with sweet corn and herbs.",
    "image_url": "https://media-assets.swiggy.com/swiggy/image/upload/fl_lossy,f_auto,q_auto,h_600/616e067ddc9151451fc5802f1fd3bcd6",
    "type": "Soup"
  },
  {
    "id": 26,
    "name": "Garlic Breadsticks",
    "price": 6.49,
    "rating": 4.8,
    "ratingCount": 300,
    "description": "Soft and buttery breadsticks brushed with garlic and herbs.",
    "image_url": "https://media-assets.swiggy.com/swiggy/image/upload/fl_lossy,f_auto,q_auto,h_600/1633e1c6916141a456e5c4dbda6c0b4e",
    "type": "Starter"
  },
  {
    "id": 27,
    "name": "Cheesy Dip and Sticks",
    "price": 7.99,
    "rating": 4.7,
    "ratingCount": 280,
    "description": "Cheese-filled breadsticks served with marinara dipping sauce.",
    "image_url": "https://instamart-media-assets.swiggy.com/swiggy/image/upload/fl_lossy,f_auto,q_auto/cu7mj11rfochtdlbsxfs",
    "type": "Starter"
  },
  {
    "id": 28,
    "name": "Chocolate Chip Cookie",
    "price": 5.99,
    "rating": 4.9,
    "ratingCount": 400,
    "description": "Warm and gooey chocolate chip cookie served fresh.",
    "image_url": "https://media-assets.swiggy.com/swiggy/image/upload/fl_lossy,f_auto,q_auto,h_600/ab4e963453672424b10c51b5a16133b1",
    "type": "Dessert"
  },
  {
    "id": 29,
    "name": "Choco Lava Cake",
    "price": 4.99,
    "rating": 4.8,
    "ratingCount": 450,
    "description": "Rich and molten chocolate lava cake with a soft center.",
    "image_url": "https://media-assets.swiggy.com/swiggy/image/upload/fl_lossy,f_auto,q_auto,h_600/i9bqwq2ivx9ews0fkmz3",
    "type": "Dessert"
  },
  {
    "id": 30,
    "name": "Margherita",
    "price": 9.99,
    "rating": 4.5,
    "ratingCount": 150,
    "description": "A classic Italian pizza topped with fresh mozzarella, basil leaves, and a rich tomato sauce.",
    "cooking_time": "25 minutes",
    "image_url": "https://media-assets.swiggy.com/swiggy/image/upload/fl_lossy,f_auto,q_auto,h_600/7850b115687ee8594f9d7f0a66c2ee84",
    "type": "Main Course"
  },
  {
    "id": 31,
    "name": "Pepperoni",
    "price": 12.99,
    "rating": 4.7,
    "ratingCount": 200,
    "description": "A savory pizza topped with crispy pepperoni slices, mozzarella cheese, and tangy tomato sauce.",
    "cooking_time": "30 minutes",
    "image_url": "https://media-assets.swiggy.com/swiggy/image/upload/fl_lossy,f_auto,q_auto,h_600/FOOD_CATALOG/IMAGES/CMS/2024/3/12/811f43ab-93d6-4702-a052-f68ba0138eb6_e386251e-c591-4099-be6d-59dae0b3db8b.jpg_compressed",
    "type": "Main Course"
  },
  {
    "id": 33,
    "name": "BBQ Chicken",
    "price": 14.99,
    "rating": 4.6,
    "ratingCount": 180,
    "description": "Grilled chicken pieces smothered in BBQ sauce, topped with mozzarella and red onions.",
    "cooking_time": "35 minutes",
    "image_url": "https://media-assets.swiggy.com/swiggy/image/upload/fl_lossy,f_auto,q_auto,h_600/FOOD_CATALOG/IMAGES/CMS/2024/11/21/45bb1c42-a906-4a0d-b6cd-6152bbbd191a_7c1d8556-f628-43f4-b75a-d97fc9f640df.JPG",
    "type": "Main Course"
  },
  {
    "id": 34,
    "name": "Veggie Supreme",
    "price": 11.99,
    "rating": 4.4,
    "ratingCount": 130,
    "description": "A vegetarian delight with bell peppers, mushrooms, olives, and onions, topped with mozzarella cheese.",
    "cooking_time": "30 minutes",
    "image_url": "https://media-assets.swiggy.com/swiggy/image/upload/fl_lossy,f_auto,q_auto,h_600/z0c4xpovma1qtmu4tlls",
    "type": "Main Course"
  },
  {
    "id": 35,
    "name": "Hawaiian",
    "price": 12.49,
    "rating": 4.3,
    "ratingCount": 160,
    "description": "A tropical pizza with ham, pineapple, and mozzarella cheese, paired with a tangy tomato sauce.",
    "cooking_time": "30 minutes",
    "image_url": "https://media-assets.swiggy.com/swiggy/image/upload/fl_lossy,f_auto,q_auto,h_600/FOOD_CATALOG/IMAGES/CMS/2024/3/12/5cac821f-5865-4d19-9837-04a94b8a0728_1e6beda2-b852-4363-9c13-044f136c380c.jpg_compressed",
    "type": "Main Course"
  },
  {
    "id": 36,
    "name": "Chocolate Pancakes",
    "price": 9.99,
    "rating": 4.8,
    "ratingCount": 320,
    "description": "Fluffy chocolate pancakes topped with dark chocolate syrup and fresh berries.",
    "image_url": "https://media-assets.swiggy.com/swiggy/image/upload/fl_lossy,f_auto,q_auto,h_600/faa83969094f8b7fbb82dbe2e6abebb7",
    "type": "Main Course"
  },
  {
    "id": 37,
    "name": "Gourmet Pizza",
    "price": 13.99,
    "rating": 4.7,
    "ratingCount": 280,
    "description": "Thin-crust pizza topped with creamy Alfredo sauce, mushrooms, and spinach.",
    "image_url": "https://media-assets.swiggy.com/swiggy/image/upload/fl_lossy,f_auto,q_auto,h_600/FOOD_CATALOG/IMAGES/CMS/2024/3/12/7d929784-fde8-43c8-9bf9-c8f83726c764_ac07d89c-1a72-4feb-afef-3efb5ec060cb.jpg_compressed",
    "type": "Main Course"
  },
  {
    "id": 38,
    "name": "Creamy Pumpkin Soup",
    "price": 5.99,
    "rating": 4.6,
    "ratingCount": 140,
    "description": "Rich and velvety pumpkin soup with a hint of cinnamon.",
    "image_url": "https://media-assets.swiggy.com/swiggy/image/upload/fl_lossy,f_auto,q_auto,h_600/3a13c94fc19f41513a5e7889e7f0f17b",
    "type": "Soup"
  },
  {
    "id": 39,
    "name": "Tomato Basil Soup",
    "price": 5.49,
    "rating": 4.5,
    "ratingCount": 130,
    "description": "A classic blend of tomato and fresh basil with a creamy finish.",
    "image_url": "https://media-assets.swiggy.com/swiggy/image/upload/fl_lossy,f_auto,q_auto,h_600/5a48afd6a0f2811864544d9f783de1f2",
    "type": "Soup"
  },
  {
    "id": 40,
    "name": "Cheese Poppers",
    "price": 7.49,
    "rating": 4.7,
    "ratingCount": 210,
    "description": "Crispy cheese balls with a gooey melted center, served with spicy dip.",
    "image_url": "https://instamart-media-assets.swiggy.com/swiggy/image/upload/fl_lossy,f_auto,q_auto/i4hp9nrkcijfi1xubwhv",
    "type": "Starter"
  },
  {
    "id": 41,
    "name": "Cream Crust Garlic Knots",
    "price": 6.99,
    "rating": 4.8,
    "ratingCount": 220,
    "description": "Soft, buttery garlic knots sprinkled with Parmesan cheese.",
    "image_url": "https://media-assets.swiggy.com/swiggy/image/upload/fl_lossy,f_auto,q_auto,h_600/FOOD_CATALOG/IMAGES/CMS/2024/9/30/b964b274-95d9-4b1b-84c2-2175420b4b8e_7a2323e3-2003-4715-9169-7eed022d3924.png_compressed",
    "type": "Starter"
  },
  {
    "id": 42,
    "name": "Lava Brownie",
    "price": 6.99,
    "rating": 4.9,
    "ratingCount": 400,
    "description": "Warm chocolate brownie with a molten chocolate center.",
    "image_url": "https://media-assets.swiggy.com/swiggy/image/upload/fl_lossy,f_auto,q_auto,h_600/FOOD_CATALOG/IMAGES/CMS/2024/12/12/57b1b6a0-e53a-441f-91f5-6bd06d281491_0c12f34d-59d6-45bc-b41d-b37696d2859f.jpeg",
    "type": "Dessert"
  },
  {
    "id": 43,
    "name": "Tiramisu Slice",
    "price": 7.49,
    "rating": 4.8,
    "ratingCount": 380,
    "description": "Classic Italian dessert with layers of coffee-soaked sponge and mascarpone.",
    "image_url": "https://media-assets.swiggy.com/swiggy/image/upload/fl_lossy,f_auto,q_auto,h_600/FOOD_CATALOG/IMAGES/CMS/2024/8/30/c926f06d-094d-41cf-bab8-df2334b9a848_ea5098b1-c637-4371-9ef9-ef44f212b28c.jpeg",
    "type": "Dessert"
  }
]
