[
    {
      "food_id": 1,
      "restaurant_ids": [1, 2]
    },
    {
      "food_id": 2,
      "restaurant_ids": [1, 2]
    },
    {
      "food_id": 3,
      "restaurant_ids": [1, 2]
    },
    {
      "food_id": 4,
      "restaurant_ids": [1, 2]
    },
    {
      "food_id": 5,
      "restaurant_ids": [1, 2]
    },
    {
      "food_id": 6,
      "restaurant_ids": [1, 2]
    },
    {
      "food_id": 7,
      "restaurant_ids": [1, 2]
    },
    {
      "food_id": 8,
      "restaurant_ids": [1, 2]
    },
    {
      "food_id": 9,
      "restaurant_ids": [3]
    },
    {
      "food_id": 10,
      "restaurant_ids": [3, 4]
    },
    {
      "food_id": 11,
      "restaurant_ids": [3]
    },
    {
      "food_id": 12,
      "restaurant_ids": [4]
    },
    {
      "food_id": 13,
      "restaurant_ids": [3]
    },
    {
      "food_id": 14,
      "restaurant_ids": [3, 4]
    },
    {
      "food_id": 15,
      "restaurant_ids": [3, 4]
    },
    {
      "food_id": 16,
      "restaurant_ids": [3, 4]
    },
    {
      "food_id": 17,
      "restaurant_ids": [3, 4]
    },
    {
      "food_id": 18,
      "restaurant_ids": [3]
    },
    {
      "food_id": 19,
      "restaurant_ids": [4]
    },
    {
      "food_id": 20,
      "restaurant_ids": [3, 4]
    },
    {
      "food_id": 21,
      "restaurant_ids": [3, 4]
    },
    {
      "food_id": 22,
      "restaurant_ids": [3, 4]
    },
    {
      "food_id": 23,
      "restaurant_ids": [5,6]
    },
    {
      "food_id": 24,
      "restaurant_ids": [5,6]
    },
    {
      "food_id": 25,
      "restaurant_ids": [5,6]
    },
    {
      "food_id": 26,
      "restaurant_ids": [5,6]
    },
    {
      "food_id": 27,
      "restaurant_ids": [5,6]
    },
    {
      "food_id": 23,
      "restaurant_ids": [5,6]
    },
    {
      "food_id": 28,
      "restaurant_ids": [5,6]
    },
    {
      "food_id": 29,
      "restaurant_ids": [5,6]
    },
    {
      "food_id": 30,
      "restaurant_ids": [5,6]
    },
    {
      "food_id": 31,
      "restaurant_ids": [5,6]
    },
    {
      "food_id": 32,
      "restaurant_ids": [5,6]
    },
    {
      "food_id": 33,
      "restaurant_ids": [5,6]
    },
    {
      "food_id": 34,
      "restaurant_ids": [5,6]
    },
    {
      "food_id": 35,
      "restaurant_ids": [5,6]
    },
    {
      "food_id": 36,
      "restaurant_ids": [7, 8]
    },
    {
      "food_id": 37,
      "restaurant_ids": [7, 8]
    },
    {
      "food_id": 38,
      "restaurant_ids": [7,8]
    },
    {
      "food_id": 39,
      "restaurant_ids": [7,8]
    },
    {
      "food_id": 40,
      "restaurant_ids": [7, 8]
    },
    {
      "food_id": 41,
      "restaurant_ids": [7,8]
    },
    {
      "food_id": 42,
      "restaurant_ids": [7, 8]
    },
    {
      "food_id": 43,
      "restaurant_ids": [7,8]
    }
  ]
  