[
    {
      "id": 1,
      "uuid": "r1b9a1a0-1234-4b6e-b8aa-d56f1b0c8955",
      "name": "Aasife Biryani",
      "rating": 4.0,
      "foodType": ["Biryani", "Chinese", "Desserts"],
      "price": "₹400 for one",
      "image": "https://b.zmtcdn.com/web_assets/81f3ff974d82520780078ba1cfbd453a1583259680.png",
      "deliveryTime": "18 min",
      "contact": "99001 00460",
      "ratingCount": 5056,
      "isVeg": false,
      "location": "Alagapuram Pudur, Salem"
    },
    {
      "id": 2,
      "uuid": "r2b9a1a0-5678-4b6e-b8aa-d56f1b0c8966",
      "name": "AM Briyani",
      "rating": 4.1,
      "ratingCount": 4456,
      "foodType": ["Biryani", "Chinese", "South Indian"],
      "price": "₹150 for one",
      "image": "https://b.zmtcdn.com/data/collections/17d0b2714f18e5976c845bef1a2dc4a5_1627465505.jpg",
      "deliveryTime": "13 min",
      "isVeg": false,
      "contact": "9842130438",
      "location": "Alagapuram Pudur, Salem"
    },
    {
      "id": 3,
      "name": "Sri Saravana Bhavan",
      "rating": 3.9,
      "ratingCount": 3456,
      "location": "Veerapandiar Nagar, Swarnapuri, Salem, Tamil Nadu",
      "price": "₹200 for one",
      "foodType": ["South Indian", "North Indian"],
      "description": "Part of a renowned chain offering traditional Chettinad-style cuisine with a variety of vegetarian options.",
      "deliveryTime": "25 minutes",
      "image": "https://media-assets.swiggy.com/swiggy/image/upload/fl_lossy,f_auto,q_auto,h_600/dd7784eb0fc6499fc3bf1deba561d6c9",
      "isVeg": true,
      "contact": "9788056789"
    },
    {
      "id": 4,
      "name": "Adyar Ananda Bhavan",
      "rating": 4.0,
      "ratingCount": 6353,
      "location": "Neikarapatti Rd, Sandaipet, Kondalampatti, Salem",
      "price": "₹250 for one",
      "foodType": ["South Indian", "Sweets", "Snacks"],
      "description": "A well-known vegetarian restaurant offering a wide range of South Indian dishes, sweets, and snacks.",
      "deliveryTime": "20 minutes",
      "image": "https://media-assets.swiggy.com/swiggy/image/upload/fl_lossy,f_auto,q_auto,h_600/2c4961ce9ba451cd89700600062484b8",
      "isVeg": true,
      "contact": "4272215100"
    }, 
    {
      "id": 5,
      "name": "Pizza Hut",
      "rating": 4.3,
      "ratingCount": 12000,
      "location": "Whitefield, Bengaluru",
      "price": "₹250 for one",
      "foodType": ["Pizza", "Italian", "Pasta", "Fast Food", "Desserts", "Beverages"],
      "description": "A classic pizza chain offering a variety of crust options and mouth-watering toppings.",
      "deliveryTime": "30 minutes",
      "image": "https://media-assets.swiggy.com/swiggy/image/upload/fl_lossy,f_auto,q_auto,h_600/FOOD_CATALOG/IMAGES/CMS/2024/10/17/b07475c1-97a8-49d3-bba0-9696253d44ca_eb8e4fe6-f157-4e5e-ab8a-173ecb88d9c9.jpg",
      "isVeg": false,
      "contact": "89768 84911"
    },
    {
      "id": 6,
      "name": "Domino's Pizza",
      "rating": 4.2,
      "ratingCount": 15000,
      "location": "Koramangala, Bengaluru",
      "price": "₹150 for one",
      "foodType": ["Pizza", "Fast Food"],
      "description": "A globally recognized pizza chain offering a variety of pizzas, sides, and desserts.",
      "deliveryTime": "25 minutes",
      "image": "https://media-assets.swiggy.com/swiggy/image/upload/fl_lossy,f_auto,q_auto,h_600/FOOD_CATALOG/IMAGES/CMS/2024/10/17/52268a6e-00c2-4a08-99b6-2ddee4f3bdd3_32c8ad06-4578-43da-9c45-e5848c1b9b43.jpg",
      "isVeg": false,
      "contact": "8041530666"
    },
    {
      "id": 7,
      "name": "Sweet Tooth Haven",
      "rating": 4.7,
      "ratingCount": 3200,
      "location": "MG Road, Bengaluru",
      "priceRange": "₹₹",
      "foodType": ["Desserts", "Bakery"],
      "description": "A paradise for dessert lovers, offering an extensive menu of cakes, pastries, and gourmet sweets.",
      "deliveryTime": "25 minutes",
      "image": "https://media-assets.swiggy.com/swiggy/image/upload/fl_lossy,f_auto,q_auto,h_600/FOOD_CATALOG/IMAGES/CMS/2024/4/15/21324a9b-a220-41b6-a19d-df03854006aa_a086b2d5-3c53-4b3f-9d30-acaef4105f0e.jpg",
      "isVeg": true,
      "contact": "8799315297"
    },
    {
      "id": 8,
      "name": "Cream & Crust",
      "rating": 3.9,
      "ratingCount": 2500,
      "location": "Koramangala 4th Block, Bangalore",
      "priceRange": "₹₹₹",
      "foodType": ["Desserts", "Ice Cream"],
      "description": "Known for its artisanal ice creams and decadent desserts made fresh daily.",
      "deliveryTime": "30 minutes",
      "image": "https://media-assets.swiggy.com/swiggy/image/upload/fl_lossy,f_auto,q_auto,h_600/FOOD_CATALOG/IMAGES/CMS/2024/4/15/2e639015-5fba-4fb1-9a6f-7ac5d0e9c94f_cfd4b7e3-ccf0-4eb7-9379-093b426141dd.jpg",
      "isVeg": true,
      "contact": "9606708446"
    }
]  

